{
	"CuMat_0": [
		[
			8.00364
		],
		[
			57.6427
		],
		[
			7359.83
		]
	],
	"CuMat_1": [
		[
			7.60605
		],
		[
			47.4208
		],
		[
			7317.43
		]
	],
	"CuMat_20": [
		[
			11.6237
		],
		[
			48.8965
		],
		[
			7443.43
		]
	],
	"CuMat_5": [
		[
			8.23627
		],
		[
			43.5818
		],
		[
			7344.89
		]
	],
	"Eigen": [
		[
			0.0187094
		],
		[
			12.1621
		],
		[
			13771.9
		]
	]
}