{
	"CuMat": [
		[
			0.350014
		],
		[
			3.79062
		],
		[
			1160.36
		]
	],
	"Eigen": [
		[
			0.0264716
		],
		[
			17.7015
		],
		[
			15700.8
		]
	]
}