{
	"CuMat": [
		[
			6.30625
		],
		[
			44.1766
		],
		[
			7341.63
		]
	],
	"Eigen": [
		[
			0.0153316
		],
		[
			10.0171
		],
		[
			13281.8
		]
	]
}