{
	"CuMat": [
		[
			6.72388
		],
		[
			52.2603
		],
		[
			7422.97
		]
	],
	"Eigen": [
		[
			0.0184454
		],
		[
			11.8401
		],
		[
			12948
		]
	]
}