{
	"CuBlas": [
		[
			0.0130906
		],
		[
			0.0137475
		],
		[
			0.206011
		],
		[
			19.9538
		]
	],
	"CuMat": [
		[
			0.0154953
		],
		[
			0.0153281
		],
		[
			0.156742
		],
		[
			17.9761
		]
	],
	"Eigen": [
		[
			0.0016129
		],
		[
			0.101933
		],
		[
			1.93157
		],
		[
			210.464
		]
	]
}