{
	"CuBlas": [
		[
			0.136507
		],
		[
			0.138121
		],
		[
			2.04955
		],
		[
			200.457
		]
	],
	"CuMat": [
		[
			0.155803
		],
		[
			0.156243
		],
		[
			1.56076
		],
		[
			178.137
		]
	],
	"Eigen": [
		[
			0.0016127
		],
		[
			0.100086
		],
		[
			2.03119
		],
		[
			210.345
		]
	]
}