{
	"CuBlas": [
		[
			0.010252
		],
		[
			0.0121149
		],
		[
			0.491989
		],
		[
			49.2694
		]
	],
	"CuMat": [
		[
			0.00955791
		],
		[
			0.012815
		],
		[
			0.405348
		],
		[
			37.1613
		]
	],
	"Eigen": [
		[
			0.0013821
		],
		[
			0.0651417
		],
		[
			2.85587
		],
		[
			302.804
		]
	]
}