{
	"CuBlas": [
		[
			0.016421
		],
		[
			0.250305
		]
	],
	"CuMat_CSR": [
		[
			0.0141767
		],
		[
			0.156823
		]
	],
	"CuMat_ELLPACK": [
		[
			0.0157497
		],
		[
			0.141628
		]
	],
	"Eigen": [
		[
			0.0684402
		],
		[
			2.47259
		]
	]
}