{
	"CuBlas": [
		[
			0.0114518
		],
		[
			0.0123648
		],
		[
			0.203272
		],
		[
			20.052
		]
	],
	"CuMat_CSR": [
		[
			0.0135823
		],
		[
			0.0137557
		],
		[
			0.154516
		],
		[
			17.7081
		]
	],
	"CuMat_ELLPACK": [
		[
			0.0109881
		],
		[
			0.0121714
		],
		[
			0.145695
		],
		[
			19.6141
		]
	],
	"Eigen": [
		[
			0.00064284
		],
		[
			0.0604558
		],
		[
			1.8826
		],
		[
			184.079
		]
	]
}