{
	"CuBlas": [
		[
			0.11012
		],
		[
			0.105304
		],
		[
			0.105614
		],
		[
			0.103612
		],
		[
			0.101569
		],
		[
			0.106101
		],
		[
			0.293401
		],
		[
			2.28198
		]
	],
	"CuMat": [
		[
			0.312732
		],
		[
			0.316962
		],
		[
			0.314803
		],
		[
			0.348018
		],
		[
			0.510646
		],
		[
			2.89987
		],
		[
			20.8286
		],
		[
			204.639
		]
	],
	"Eigen": [
		[
			0.00111784
		],
		[
			0.00383149
		],
		[
			0.0311609
		],
		[
			0.30885
		],
		[
			3.08661
		],
		[
			30.8685
		],
		[
			308.262
		],
		[
			3105.74
		]
	]
}