{
	"CuBlas": [
		[
			0.426297
		],
		[
			0.812629
		],
		[
			1.1384
		],
		[
			1.46062
		],
		[
			1.82869
		],
		[
			2.11561
		],
		[
			2.47319
		],
		[
			2.78736
		],
		[
			3.13867
		],
		[
			3.45435
		]
	],
	"CuMat": [
		[
			0.399303
		],
		[
			0.484836
		],
		[
			0.599609
		],
		[
			0.736682
		],
		[
			0.822784
		],
		[
			0.941454
		],
		[
			1.07967
		],
		[
			1.18073
		],
		[
			1.2639
		],
		[
			1.40837
		]
	],
	"Eigen": [
		[
			1.79172
		],
		[
			2.09741
		],
		[
			2.40506
		],
		[
			2.70225
		],
		[
			2.94957
		],
		[
			3.22543
		],
		[
			3.75293
		],
		[
			3.93654
		],
		[
			4.33726
		],
		[
			4.7816
		]
	],
	"Numpy": [
	]
}