{
	"CuMat": [
		[
			1.31613
		],
		[
			1.37287
		],
		[
			1.62642
		],
		[
			1.93516
		],
		[
			2.24356
		],
		[
			2.57945
		],
		[
			2.82705
		],
		[
			3.22016
		],
		[
			3.52144
		],
		[
			3.87327
		]
	],
	"Eigen": [
		[
			2.11452
		],
		[
			2.42258
		],
		[
			2.67345
		],
		[
			2.69919
		],
		[
			3.04593
		],
		[
			3.35345
		],
		[
			3.63011
		],
		[
			3.95812
		],
		[
			4.33897
		],
		[
			4.81547
		]
	],
	"Numpy": [
		[
			3.48023
		],
		[
			8.66604
		],
		[
			13.6418
		],
		[
			18.8704
		],
		[
			23.8465
		],
		[
			29.2788
		],
		[
			34.1301
		],
		[
			39.2229
		],
		[
			44.6512
		],
		[
			49.2018
		]
	],
	"Tensorflow": [
		[
			83.7153
		],
		[
			122.773
		],
		[
			168.264
		],
		[
			229.162
		],
		[
			284.745
		],
		[
			1354.53
		],
		[
			1007.33
		],
		[
			1348.32
		],
		[
			2185.63
		],
		[
			776.13
		]
	]
}