{
	"CuMat": [
		[
			0.0727904
		],
		[
			0.137101
		],
		[
			0.0685024
		],
		[
			0.391866
		],
		[
			1.32474
		],
		[
			10.9958
		],
		[
			53.2793
		]
	],
	"Eigen": [
		[
			0.0013137
		],
		[
			0.0021757
		],
		[
			0.0092369
		],
		[
			0.101894
		],
		[
			3.03283
		],
		[
			24.2674
		],
		[
			108.648
		]
	],
	"Numpy": [
		[
			0.00825165
		],
		[
			0.0122338
		],
		[
			0.0295992
		],
		[
			0.263314
		],
		[
			8.72052
		],
		[
			89.4759
		],
		[
			452.74
		]
	],
	"Tensorflow": [
		[
			3.84749
		],
		[
			4.33807
		],
		[
			4.68661
		],
		[
			12.3648
		],
		[
			117.545
		],
		[
			1303.84
		]
	]
}