{
	"CuBlas": [
		[
			0.00057696
		],
		[
			0.00061184
		],
		[
			0.00061152
		],
		[
			0.00048032
		],
		[
			0.00038112
		],
		[
			0.00038528
		],
		[
			0.00032224
		]
	],
	"CuMat": [
		[
			0.00500512
		],
		[
			0.00502784
		],
		[
			0.00495008
		],
		[
			0.00495488
		],
		[
			0.0049584
		],
		[
			0.00492992
		],
		[
			0.00492416
		]
	],
	"Eigen": [
		[
			0.0003813
		],
		[
			0.0007037
		],
		[
			0.005953
		],
		[
			0.0602334
		],
		[
			2.6713
		],
		[
			29.5343
		],
		[
			148.924
		]
	],
	"Numpy": [
		[
			0.00577701
		],
		[
			0.00557174
		],
		[
			0.0272135
		],
		[
			0.230025
		],
		[
			11.3627
		],
		[
			116.717
		],
		[
			591.034
		]
	]
}