{
	"CuBlas": [
		[
			0.00014336
		],
		[
			0.00021216
		],
		[
			0.00194784
		],
		[
			0.166469
		],
		[
			0.167558
		],
		[
			0.325902
		],
		[
			0.330418
		],
		[
			0.488936
		],
		[
			0.48627
		],
		[
			0.643359
		]
	],
	"CuMat": [
		[
			0.00361568
		],
		[
			0.00368544
		],
		[
			0.00397888
		],
		[
			0.00422528
		],
		[
			0.00430688
		],
		[
			0.00459712
		],
		[
			0.0045984
		],
		[
			0.00764864
		],
		[
			0.00508224
		],
		[
			0.00545568
		]
	],
	"Eigen": [
		[
			1.38066
		],
		[
			1.58203
		],
		[
			1.97174
		],
		[
			2.0635
		],
		[
			2.40177
		],
		[
			2.65564
		],
		[
			2.95554
		],
		[
			3.31724
		],
		[
			3.63084
		],
		[
			4.14723
		]
	],
	"Numpy": [
		[
			2.96753
		],
		[
			6.78211
		],
		[
			10.4266
		],
		[
			14.199
		],
		[
			19.0094
		],
		[
			21.729
		],
		[
			25.8566
		],
		[
			29.1512
		],
		[
			33.2603
		],
		[
			36.7435
		]
	]
}