{
	"CuBlas": [
		[
			0.111603
		],
		[
			0.190387
		],
		[
			0.270205
		],
		[
			0.351923
		],
		[
			0.429738
		],
		[
			0.513421
		],
		[
			0.599952
		],
		[
			0.677216
		],
		[
			0.758461
		],
		[
			0.841245
		]
	],
	"CuMat": [
		[
			0.342342
		],
		[
			0.33191
		],
		[
			0.31816
		],
		[
			0.400765
		],
		[
			0.407386
		],
		[
			0.45713
		],
		[
			0.43807
		],
		[
			0.534746
		],
		[
			0.555747
		],
		[
			0.537853
		]
	],
	"Eigen": [
		[
			8.63879
		],
		[
			16.6394
		],
		[
			24.4885
		],
		[
			33.715
		],
		[
			41.8615
		],
		[
			49.52
		],
		[
			61.5409
		],
		[
			65.5915
		],
		[
			74.5885
		],
		[
			81.9246
		]
	],
	"Numpy": [
		[
			1.02192
		],
		[
			3.20145
		],
		[
			5.07929
		],
		[
			7.46908
		],
		[
			9.16496
		],
		[
			11.2981
		],
		[
			12.9357
		],
		[
			14.9996
		],
		[
			17.3046
		],
		[
			19.2399
		]
	],
	"Tensorflow": [
		[
			17.2903
		],
		[
			23.8111
		],
		[
			27.8806
		],
		[
			34.5948
		],
		[
			40.8234
		],
		[
			45.698
		],
		[
			47
		],
		[
			58.0873
		],
		[
			59.8131
		],
		[
			67.8724
		]
	]
}