{
	"CuBlas": [
		[
			0.0001488
		],
		[
			0.0001456
		],
		[
			0.0001504
		],
		[
			0.00015808
		],
		[
			0.00020032
		],
		[
			0.00022208
		],
		[
			0.00022336
		]
	],
	"CuMat": [
		[
			0.0037088
		],
		[
			0.00369664
		],
		[
			0.00368832
		],
		[
			0.0037232
		],
		[
			0.00370272
		],
		[
			0.00377824
		],
		[
			0.00571136
		]
	],
	"Eigen": [
		[
			0.0003004
		],
		[
			0.0004506
		],
		[
			0.0055286
		],
		[
			0.0484356
		],
		[
			1.614
		],
		[
			18.236
		],
		[
			93.9108
		]
	],
	"Numpy": [
		[
			0.00495774
		],
		[
			0.00573897
		],
		[
			0.0202516
		],
		[
			0.160451
		],
		[
			6.66087
		],
		[
			73.0739
		],
		[
			370.887
		]
	]
}