{
	"CuBlas": [
		[
			0.0001504
		],
		[
			0.00038272
		],
		[
			0.00171648
		],
		[
			0.0721677
		],
		[
			0.0720848
		],
		[
			0.138121
		],
		[
			0.135696
		],
		[
			0.203936
		],
		[
			0.207958
		],
		[
			0.271615
		]
	],
	"CuMat": [
		[
			0.00294304
		],
		[
			0.0049136
		],
		[
			0.00500992
		],
		[
			0.00511136
		],
		[
			0.00519744
		],
		[
			0.0052224
		],
		[
			0.00526976
		],
		[
			0.0053088
		],
		[
			0.00535712
		],
		[
			0.00541248
		]
	],
	"Eigen": [
		[
			2.51318
		],
		[
			2.72555
		],
		[
			3.06692
		],
		[
			3.30809
		],
		[
			3.45298
		],
		[
			3.8028
		],
		[
			4.05693
		],
		[
			4.39428
		],
		[
			4.65838
		],
		[
			5.20151
		]
	],
	"Numpy": [
		[
			5.0755
		],
		[
			11.409
		],
		[
			17.5238
		],
		[
			24.0699
		],
		[
			31.9555
		],
		[
			36.6287
		],
		[
			44.8632
		],
		[
			49.7114
		],
		[
			55.2406
		],
		[
			64.097
		]
	]
}