{
	"CuBlas": [
		[
			0.0014944
		],
		[
			0.0036992
		],
		[
			0.0156192
		],
		[
			0.731536
		],
		[
			0.718826
		],
		[
			1.38122
		],
		[
			1.36127
		],
		[
			2.08664
		],
		[
			2.04801
		],
		[
			2.71352
		]
	],
	"CuMat": [
		[
			0.0289056
		],
		[
			0.049856
		],
		[
			0.0500352
		],
		[
			0.0510656
		],
		[
			0.0513728
		],
		[
			0.0518784
		],
		[
			0.0525216
		],
		[
			0.0528608
		],
		[
			0.0530592
		],
		[
			0.0548864
		]
	],
	"Eigen": [
		[
			2.54361
		],
		[
			2.70446
		],
		[
			3.10196
		],
		[
			3.26193
		],
		[
			3.47084
		],
		[
			3.79095
		],
		[
			4.07121
		],
		[
			4.47463
		],
		[
			4.70052
		],
		[
			5.1442
		]
	],
	"Numpy": [
		[
			5.11655
		],
		[
			11.6318
		],
		[
			17.9529
		],
		[
			24.1212
		],
		[
			30.3278
		],
		[
			36.6284
		],
		[
			42.9953
		],
		[
			50.0205
		],
		[
			55.4853
		],
		[
			62.0934
		]
	]
}