{
	"CuMat": [
		[
			0.0136896
		],
		[
			0.013376
		],
		[
			0.0133408
		],
		[
			0.016928
		],
		[
			0.302029
		],
		[
			2.03782
		],
		[
			7.48408
		]
	],
	"Eigen": [
		[
			0.0065286
		],
		[
			0.0265065
		],
		[
			0.156897
		],
		[
			1.67501
		],
		[
			15.7418
		],
		[
			160.957
		],
		[
			801.282
		]
	],
	"Numpy": [
		[
			0.0147404
		],
		[
			0.0240784
		],
		[
			0.127994
		],
		[
			0.979859
		],
		[
			2.68731
		],
		[
			33.6472
		],
		[
			161.541
		]
	],
	"Tensorflow": [
		[
			1.13252
		],
		[
			1.33117
		],
		[
			1.97486
		],
		[
			4.01999
		],
		[
			22.9775
		],
		[
			355.326
		],
		[
			1751.3
		]
	]
}