{
	"CuBlas": [
		[
			0.145892
		],
		[
			0.170724
		],
		[
			0.172914
		],
		[
			0.196096
		],
		[
			0.777159
		],
		[
			6.25032
		],
		[
			30.462
		]
	],
	"CuMat": [
		[
			0.187591
		],
		[
			0.207588
		],
		[
			0.217771
		],
		[
			0.210204
		],
		[
			0.507278
		],
		[
			3.39942
		],
		[
			21.0765
		]
	],
	"Eigen": [
		[
			0.0005688
		],
		[
			0.0006826
		],
		[
			0.0062293
		],
		[
			0.0521103
		],
		[
			2.02283
		],
		[
			22.0016
		],
		[
			117.165
		]
	],
	"Numpy": [
	]
}