{
	"CuMat": [
		[
			0.305818
		],
		[
			0.293722
		],
		[
			0.425978
		],
		[
			0.521613
		],
		[
			0.425728
		],
		[
			0.462653
		],
		[
			0.507594
		],
		[
			0.568486
		],
		[
			0.505206
		],
		[
			0.501219
		]
	],
	"Eigen": [
		[
			8.5142
		],
		[
			16.707
		],
		[
			24.8674
		],
		[
			33.8345
		],
		[
			42.3338
		],
		[
			49.1663
		],
		[
			57.3895
		],
		[
			65.7069
		],
		[
			73.9514
		],
		[
			81.9278
		]
	],
	"Numpy": [
		[
			0.988803
		],
		[
			3.19934
		],
		[
			5.10075
		],
		[
			7.10843
		],
		[
			9.05068
		],
		[
			10.9144
		],
		[
			12.9577
		],
		[
			14.7867
		],
		[
			16.9374
		],
		[
			18.9315
		]
	],
	"Tensorflow": [
		[
			16.4672
		],
		[
			22.7709
		],
		[
			27.7721
		],
		[
			34.5485
		],
		[
			42.3787
		],
		[
			43.2928
		],
		[
			46.4769
		],
		[
			53.6961
		],
		[
			59.2467
		],
		[
			66.3563
		]
	]
}