{
	"CuBlas": [
		[
			0.0061344
		],
		[
			0.0060992
		],
		[
			0.006032
		],
		[
			0.004928
		],
		[
			0.0037152
		],
		[
			0.0035456
		],
		[
			0.0027904
		]
	],
	"CuMat": [
		[
			0.049328
		],
		[
			0.0495808
		],
		[
			0.049456
		],
		[
			0.0492992
		],
		[
			0.0499008
		],
		[
			0.0495072
		],
		[
			0.0490912
		]
	],
	"Eigen": [
		[
			0.0002641
		],
		[
			0.0007038
		],
		[
			0.0043987
		],
		[
			0.0638696
		],
		[
			2.7103
		],
		[
			29.6296
		],
		[
			150.668
		]
	],
	"Numpy": [
		[
			0.0063635
		],
		[
			0.00633418
		],
		[
			0.0312897
		],
		[
			1.05681
		],
		[
			11.4652
		],
		[
			118.131
		],
		[
			605.217
		]
	]
}