{
	"CuBlas": [
		[
			0.0083424
		],
		[
			0.0076096
		],
		[
			0.0085792
		],
		[
			0.0136416
		],
		[
			0.188522
		],
		[
			1.82564
		],
		[
			9.52866
		]
	],
	"CuMat": [
		[
			0.013744
		],
		[
			0.0132736
		],
		[
			0.0149632
		],
		[
			0.0202944
		],
		[
			0.308467
		],
		[
			2.08292
		],
		[
			7.7008
		]
	],
	"Eigen": [
		[
			0.0055345
		],
		[
			0.0192346
		],
		[
			0.156894
		],
		[
			1.70944
		],
		[
			17.2885
		],
		[
			174.282
		],
		[
			874.848
		]
	],
	"Numpy": [
		[
			0.0050852
		],
		[
			0.0065242
		],
		[
			0.0320421
		],
		[
			0.308815
		],
		[
			3.29871
		],
		[
			36.2339
		],
		[
			181.126
		]
	],
	"Tensorflow": [
		[
			0.949534
		],
		[
			1.25958
		],
		[
			1.48808
		],
		[
			3.59072
		],
		[
			23.4598
		],
		[
			356.577
		],
		[
			1799.87
		]
	]
}